[
  {
    "__type__": "cc.Prefab",
    "_name": "trap",
    "_objFlags": 0,
    "_native": "",
    "data": {
      "__id__": 1
    },
    "optimizationPolicy": 0,
    "asyncLoadAssets": false,
    "readonly": false
  },
  {
    "__type__": "cc.Node",
    "_name": "trap",
    "_objFlags": 0,
    "_parent": null,
    "_children": [],
    "_active": true,
    "_components": [
      {
        "__id__": 2
      },
      {
        "__id__": 3
      }
    ],
    "_prefab": {
      "__id__": 4
    },
    "_opacity": 255,
    "_color": {
      "__type__": "cc.Color",
      "r": 255,
      "g": 255,
      "b": 255,
      "a": 255
    },
    "_contentSize": {
      "__type__": "cc.Size",
      "width": 636,
      "height": 60
    },
    "_anchorPoint": {
      "__type__": "cc.Vec2",
      "x": 0,
      "y": 0
    },
    "_trs": {
      "__type__": "TypedArray",
      "ctor": "Float64Array",
      "array": [
        -320,
        -480,
        0,
        0,
        0,
        0,
        1,
        1,
        1,
        1
      ]
    },
    "_eulerAngles": {
      "__type__": "cc.Vec3",
      "x": 0,
      "y": 0,
      "z": 0
    },
    "_skewX": 0,
    "_skewY": 0,
    "_is3DNode": false,
    "_groupIndex": 0,
    "groupIndex": 0,
    "_id": ""
  },
  {
    "__type__": "cc.Sprite",
    "_name": "",
    "_objFlags": 0,
    "node": {
      "__id__": 1
    },
    "_enabled": true,
    "_materials": [
      {
        "__uuid__": "eca5d2f2-8ef6-41c2-bbe6-f9c79d09c432"
      }
    ],
    "_srcBlendFactor": 770,
    "_dstBlendFactor": 771,
    "_spriteFrame": {
      "__uuid__": "0c7234be-949f-4e4d-86ee-6ddab38c98e7"
    },
    "_type": 2,
    "_sizeMode": 0,
    "_fillType": 0,
    "_fillCenter": {
      "__type__": "cc.Vec2",
      "x": 0,
      "y": 0
    },
    "_fillStart": 0,
    "_fillRange": 0,
    "_isTrimmedMode": true,
    "_atlas": null,
    "_id": ""
  },
  {
    "__type__": "cc.PolygonCollider",
    "_name": "",
    "_objFlags": 0,
    "node": {
      "__id__": 1
    },
    "_enabled": true,
    "tag": 0,
    "_offset": {
      "__type__": "cc.Vec2",
      "x": 0,
      "y": 0
    },
    "points": [
      {
        "__type__": "cc.Vec2",
        "x": 0,
        "y": 0
      },
      {
        "__type__": "cc.Vec2",
        "x": 26.5,
        "y": 61
      },
      {
        "__type__": "cc.Vec2",
        "x": 53,
        "y": 0
      },
      {
        "__type__": "cc.Vec2",
        "x": 79.5,
        "y": 61
      },
      {
        "__type__": "cc.Vec2",
        "x": 106,
        "y": 0
      },
      {
        "__type__": "cc.Vec2",
        "x": 132.5,
        "y": 61
      },
      {
        "__type__": "cc.Vec2",
        "x": 159,
        "y": 0
      },
      {
        "__type__": "cc.Vec2",
        "x": 185.5,
        "y": 61
      },
      {
        "__type__": "cc.Vec2",
        "x": 212,
        "y": 0
      },
      {
        "__type__": "cc.Vec2",
        "x": 238.5,
        "y": 61
      },
      {
        "__type__": "cc.Vec2",
        "x": 265,
        "y": 0
      },
      {
        "__type__": "cc.Vec2",
        "x": 291.5,
        "y": 61
      },
      {
        "__type__": "cc.Vec2",
        "x": 318,
        "y": 0
      },
      {
        "__type__": "cc.Vec2",
        "x": 344.5,
        "y": 61
      },
      {
        "__type__": "cc.Vec2",
        "x": 371,
        "y": 0
      },
      {
        "__type__": "cc.Vec2",
        "x": 397.5,
        "y": 61
      },
      {
        "__type__": "cc.Vec2",
        "x": 424,
        "y": 0
      },
      {
        "__type__": "cc.Vec2",
        "x": 450.5,
        "y": 61
      },
      {
        "__type__": "cc.Vec2",
        "x": 477,
        "y": 0
      },
      {
        "__type__": "cc.Vec2",
        "x": 503.5,
        "y": 61
      },
      {
        "__type__": "cc.Vec2",
        "x": 530,
        "y": 0
      },
      {
        "__type__": "cc.Vec2",
        "x": 556.5,
        "y": 61
      },
      {
        "__type__": "cc.Vec2",
        "x": 583,
        "y": 0
      },
      {
        "__type__": "cc.Vec2",
        "x": 609,
        "y": 61
      },
      {
        "__type__": "cc.Vec2",
        "x": 636,
        "y": 0
      }
    ],
    "_id": ""
  },
  {
    "__type__": "cc.PrefabInfo",
    "root": {
      "__id__": 1
    },
    "asset": {
      "__uuid__": "5583a870-d06f-4345-8a94-29f8f2d9445f"
    },
    "fileId": "f4+88xyo5BUKtyjcgOZZ/K",
    "sync": false
  }
]