{
  "9836134e-b892-4283-b6b2-78b5acf3ed45": {
    "asset": 1586331868000,
    "meta": 1586331868000,
    "relativePath": "effects"
  },
  "f8e6b000-5643-4b86-9080-aa680ce1f599": {
    "asset": 1586331868000,
    "meta": 1586331868000,
    "relativePath": "image"
  },
  "5c3eedba-6c41-4c0c-9ba7-d91f813cbd1c": {
    "asset": 1586331868000,
    "meta": 1586331868000,
    "relativePath": "materials"
  },
  "fc09f9bd-2cce-4605-b630-8145ef809ed6": {
    "asset": 1586331868000,
    "meta": 1586331868000,
    "relativePath": "misc"
  },
  "db019bf7-f71c-4111-98cf-918ea180cb48": {
    "asset": 1586331868000,
    "meta": 1586331868000,
    "relativePath": "model"
  },
  "e39e96e6-6f6e-413f-bcf1-ac7679bb648a": {
    "asset": 1586331868000,
    "meta": 1586331868000,
    "relativePath": "model\\prefab"
  },
  "f6e6dd15-71d1-4ffe-ace7-24fd39942c05": {
    "asset": 1586331868000,
    "meta": 1586331868000,
    "relativePath": "obsolete"
  },
  "f743d2b6-b7ea-4c14-a55b-547ed4d0a045": {
    "asset": 1586331868000,
    "meta": 1586331868000,
    "relativePath": "particle"
  },
  "ae6c6c98-11e4-452f-8758-75f5c6a56e83": {
    "asset": 1586331868000,
    "meta": 1586331868000,
    "relativePath": "prefab"
  },
  "a3ee0214-b432-4865-9666-4a3211814282": {
    "asset": 1586331868000,
    "meta": 1586331868000,
    "relativePath": "prefab\\light"
  },
  "d8afc78c-4eac-4a9f-83dd-67bc70344d33": {
    "asset": 1586331868000,
    "meta": 1586331868000,
    "relativePath": "resources"
  },
  "294c1663-4adf-4a1e-a795-53808011a38a": {
    "asset": 1586331868000,
    "meta": 1586331868000,
    "relativePath": "resources\\effects"
  },
  "bbee2217-c261-49bd-a8ce-708d6bcc3500": {
    "asset": 1586331868000,
    "meta": 1586331868000,
    "relativePath": "resources\\materials"
  },
  "47caea70-1708-4ad8-96d1-3e3a8db292fd": {
    "asset": 1589201528762,
    "meta": 1589201528753,
    "relativePath": "res"
  },
  "b3afa521-2e6a-4241-865b-18692b0495bd": {
    "asset": 1589201528754,
    "meta": 1589201528754,
    "relativePath": "res\\atlas"
  },
  "ddfb0d6d-72ba-4daa-b18b-1102da153be1": {
    "asset": 1589201528757,
    "meta": 1589201528755,
    "relativePath": "res\\audio"
  },
  "f0678712-1dc9-4a78-a9e4-fb9424988cb2": {
    "asset": 1589201528755,
    "meta": 1589201572839,
    "relativePath": "res\\audio\\audio.txt"
  },
  "1ad144b7-15d2-477e-ac57-fd5a44d08cb2": {
    "asset": 1589201528762,
    "meta": 1589201528761,
    "relativePath": "res\\font"
  },
  "33d1b5ae-e667-4656-a83d-cde3bf9b0f19": {
    "asset": 1589201528754,
    "meta": 1589201572849,
    "relativePath": "res\\atlas\\atlas.txt"
  },
  "999164e6-ceb0-40f9-8961-667f71ba7130": {
    "asset": 1589211611599,
    "meta": 1589201528762,
    "relativePath": "res\\texture"
  },
  "f2e164e9-4162-4561-a719-5b6afeb4ba30": {
    "asset": 1589201528762,
    "meta": 1589201572856,
    "relativePath": "res\\font\\font.txt"
  },
  "6196c4c5-a25e-4f24-b48f-cc9b042f63d6": {
    "asset": 1589201528763,
    "meta": 1589201572860,
    "relativePath": "res\\texture\\texture.txt"
  },
  "8c360b05-8eb9-4617-96c8-c70de2861a3d": {
    "asset": 1589201528769,
    "meta": 1589201528766,
    "relativePath": "scenes"
  },
  "e9756098-e094-4941-829b-57a010a16ce5": {
    "asset": 1589202387273,
    "meta": 1589201528767,
    "relativePath": "scenes\\game_01"
  },
  "f5a1c699-c03e-48c9-b14c-96d3a38bb885": {
    "asset": 1589267126619,
    "meta": 1589267126643,
    "relativePath": "scenes\\game_01\\game_01.fire"
  },
  "fd1e6438-88ca-4e74-bfef-367a258305d5": {
    "asset": 1589201528770,
    "meta": 1589201528769,
    "relativePath": "scenes\\main"
  },
  "d801271a-3fa0-4ebc-95b9-5f30f8c38e2e": {
    "asset": 1589201528769,
    "meta": 1589201572905,
    "relativePath": "scenes\\main\\main.fire"
  },
  "4be6c5c3-dfd5-4635-97ff-16e531d4c442": {
    "asset": 1589201528764,
    "meta": 1589201572926,
    "relativePath": "res\\texture\\trap.png"
  },
  "31604487-2c53-4363-b856-9f3d3406e830": {
    "asset": 1589201771024,
    "meta": 1589201687779,
    "relativePath": "prefabs"
  },
  "c7e24450-1f03-49a4-bc95-fc7e268928a5": {
    "asset": 1589202110796,
    "meta": 1589201731622,
    "relativePath": "prefabs\\script"
  },
  "7ca268ba-02f2-4ef9-af6f-eb45372b8e8d": {
    "asset": 1589202110791,
    "meta": 1589201749887,
    "relativePath": "prefabs\\prefab"
  },
  "7785cc42-e98a-48ab-88bc-b4fc950c3c28": {
    "asset": 1589201993743,
    "meta": 1589202897254,
    "relativePath": "res\\texture\\16a085.png"
  },
  "44284de3-a52d-4e6f-86b5-afcf62eb14e0": {
    "asset": 1589202015193,
    "meta": 1589202021517,
    "relativePath": "res\\texture\\heart.png"
  },
  "9ce005bc-31f0-471d-88bd-98dcd2685a28": {
    "asset": 1589202056522,
    "meta": 1589202110827,
    "relativePath": "prefabs\\prefab\\heart.prefab"
  },
  "4fd5d6cc-945c-474f-a5ac-33d9ebd887a0": {
    "asset": 1589202056375,
    "meta": 1589202110997,
    "relativePath": "prefabs\\prefab\\trap.prefab"
  },
  "7a0fb106-91ac-4c16-a1a1-8ac976088219": {
    "asset": 1589203518627,
    "meta": 1589202387273,
    "relativePath": "scenes\\game_01\\script"
  },
  "f110aa96-6613-43f8-be73-8ffc5874c1e5": {
    "asset": 1589201528763,
    "meta": 1589202724869,
    "relativePath": "res\\texture\\normal_ball.png"
  },
  "430eccbf-bf2c-4e6e-8c0c-884bbb487f32": {
    "asset": 1586331868000,
    "meta": 1589243552891,
    "relativePath": "effects\\__builtin-editor-gizmo-line.effect"
  },
  "6c5cf6e1-b044-4eac-9431-835644d57381": {
    "asset": 1586331868000,
    "meta": 1589243552913,
    "relativePath": "effects\\__builtin-editor-gizmo-unlit.effect"
  },
  "115286d1-2e10-49ee-aab4-341583f607e8": {
    "asset": 1586331868000,
    "meta": 1589243552944,
    "relativePath": "effects\\__builtin-editor-gizmo.effect"
  },
  "abc2cb62-7852-4525-a90d-d474487b88f2": {
    "asset": 1586331868000,
    "meta": 1589243553055,
    "relativePath": "effects\\builtin-phong.effect"
  },
  "e2f00085-c597-422d-9759-52c360279106": {
    "asset": 1586331868000,
    "meta": 1589243553108,
    "relativePath": "effects\\builtin-toon.effect"
  },
  "e851e89b-faa2-4484-bea6-5c01dd9f06e2": {
    "asset": 1586331868000,
    "meta": 1589243553129,
    "relativePath": "image\\default_btn_normal.png"
  },
  "71561142-4c83-4933-afca-cb7a17f67053": {
    "asset": 1586331868000,
    "meta": 1589243553131,
    "relativePath": "image\\default_btn_disabled.png"
  },
  "b43ff3c2-02bb-4874-81f7-f2dea6970f18": {
    "asset": 1586331868000,
    "meta": 1589243553140,
    "relativePath": "image\\default_btn_pressed.png"
  },
  "edd215b9-2796-4a05-aaf5-81f96c9281ce": {
    "asset": 1586331868000,
    "meta": 1589243553142,
    "relativePath": "image\\default_editbox_bg.png"
  },
  "d81ec8ad-247c-4e62-aa3c-d35c4193c7af": {
    "asset": 1586331868000,
    "meta": 1589243553152,
    "relativePath": "image\\default_panel.png"
  },
  "99170b0b-d210-46f1-b213-7d9e3f23098a": {
    "asset": 1586331868000,
    "meta": 1589243553153,
    "relativePath": "image\\default_progressbar_bg.png"
  },
  "cfef78f1-c8df-49b7-8ed0-4c953ace2621": {
    "asset": 1586331868000,
    "meta": 1589243553165,
    "relativePath": "image\\default_progressbar.png"
  },
  "567dcd80-8bf4-4535-8a5a-313f1caf078a": {
    "asset": 1586331868000,
    "meta": 1589243553163,
    "relativePath": "image\\default_radio_button_off.png"
  },
  "4bab67cb-18e6-4099-b840-355f0473f890": {
    "asset": 1586331868000,
    "meta": 1589243553177,
    "relativePath": "image\\default_scrollbar_bg.png"
  },
  "9d60001f-b5f4-4726-a629-2659e3ded0b8": {
    "asset": 1586331868000,
    "meta": 1589243553175,
    "relativePath": "image\\default_radio_button_on.png"
  },
  "617323dd-11f4-4dd3-8eec-0caf6b3b45b9": {
    "asset": 1586331868000,
    "meta": 1589243553188,
    "relativePath": "image\\default_scrollbar_vertical_bg.png"
  },
  "d6d3ca85-4681-47c1-b5dd-d036a9d39ea2": {
    "asset": 1586331868000,
    "meta": 1589243553190,
    "relativePath": "image\\default_scrollbar_vertical.png"
  },
  "0291c134-b3da-4098-b7b5-e397edbe947f": {
    "asset": 1586331868000,
    "meta": 1589243553201,
    "relativePath": "image\\default_scrollbar.png"
  },
  "0275e94c-56a7-410f-bd1a-fc7483f7d14a": {
    "asset": 1586331868000,
    "meta": 1589243553199,
    "relativePath": "image\\default_sprite_splash.png"
  },
  "6e056173-d285-473c-b206-40a7fff5386e": {
    "asset": 1586331868000,
    "meta": 1589243553210,
    "relativePath": "image\\default_sprite.png"
  },
  "73a0903d-d80e-4e3c-aa67-f999543c08f5": {
    "asset": 1586331868000,
    "meta": 1589243553213,
    "relativePath": "image\\default_toggle_checkmark.png"
  },
  "d29077ba-1627-4a72-9579-7b56a235340c": {
    "asset": 1586331868000,
    "meta": 1589243553224,
    "relativePath": "image\\default_toggle_normal.png"
  },
  "c25b9d50-c8fc-4d27-beeb-6e7c1f2e5c0f": {
    "asset": 1586331868000,
    "meta": 1589243553223,
    "relativePath": "image\\default_toggle_disabled.png"
  },
  "b181c1e4-0a72-4a91-bfb0-ae6f36ca60bd": {
    "asset": 1586331868000,
    "meta": 1589243553233,
    "relativePath": "image\\default_toggle_pressed.png"
  },
  "c4480a0a-6ac5-443f-8b40-361a14257fc8": {
    "asset": 1586331868000,
    "meta": 1589243553680,
    "relativePath": "materials\\builtin-phong.mtl"
  },
  "600301aa-3357-4a10-b086-84f011fa32ba": {
    "asset": 1586331868000,
    "meta": 1589243553245,
    "relativePath": "image\\default-particle.png"
  },
  "a87cc147-01b2-43f8-8e42-a7ca90b0c757": {
    "asset": 1587742263399,
    "meta": 1589243553248,
    "relativePath": "model\\prefab\\box.prefab"
  },
  "fe1417b6-fe6b-46a4-ae7c-9fd331f33a2a": {
    "asset": 1587742263402,
    "meta": 1589243553250,
    "relativePath": "model\\prefab\\capsule.prefab"
  },
  "2be36297-9abb-4fee-8049-9ed5e271da8a": {
    "asset": 1586331868000,
    "meta": 1589243553242,
    "relativePath": "misc\\default_video.mp4"
  },
  "b5fc2cf2-7942-483d-be1f-bbeadc4714ad": {
    "asset": 1587742263404,
    "meta": 1589243553253,
    "relativePath": "model\\prefab\\cone.prefab"
  },
  "1c5e4038-953a-44c2-b620-0bbfc6170477": {
    "asset": 1587742263406,
    "meta": 1589243553254,
    "relativePath": "model\\prefab\\cylinder.prefab"
  },
  "3f376125-a699-40ca-ad05-04d662eaa1f2": {
    "asset": 1587742263409,
    "meta": 1589243553256,
    "relativePath": "model\\prefab\\plane.prefab"
  },
  "6c9ef10d-b479-420b-bfe6-39cdda6a8ae0": {
    "asset": 1587742263412,
    "meta": 1589243553258,
    "relativePath": "model\\prefab\\quad.prefab"
  },
  "2d9a4b85-b0ab-4c46-84c5-18f393ab2058": {
    "asset": 1587742263414,
    "meta": 1589243553260,
    "relativePath": "model\\prefab\\sphere.prefab"
  },
  "de510076-056b-484f-b94c-83bef217d0e1": {
    "asset": 1587742264231,
    "meta": 1589243553288,
    "relativePath": "model\\prefab\\torus.prefab"
  },
  "8a96b965-2dc0-4e03-aa90-3b79cb93b5b4": {
    "asset": 1586331868000,
    "meta": 1589243553301,
    "relativePath": "obsolete\\atom.png"
  },
  "b8223619-7e38-47c4-841f-9160c232495a": {
    "asset": 1586331868000,
    "meta": 1589243553699,
    "relativePath": "obsolete\\atom.plist"
  },
  "d0a82d39-bede-46c4-b698-c81ff0dedfff": {
    "asset": 1586331868000,
    "meta": 1589243553314,
    "relativePath": "particle\\atom.png"
  },
  "897ef7a1-4860-4f64-968d-f5924b18668a": {
    "asset": 1587742264273,
    "meta": 1589243553318,
    "relativePath": "prefab\\2d-camera.prefab"
  },
  "b2687ac4-099e-403c-a192-ff477686f4f5": {
    "asset": 1586331868000,
    "meta": 1589243553703,
    "relativePath": "particle\\atom.plist"
  },
  "70d7cdb0-04cd-41bb-9480-c06a4785f386": {
    "asset": 1587742264279,
    "meta": 1589243553320,
    "relativePath": "prefab\\3d-camera.prefab"
  },
  "70bbeb73-6dc2-4ee4-8faf-76b3a0e34ec4": {
    "asset": 1587742264285,
    "meta": 1589243553324,
    "relativePath": "prefab\\3d-particle.prefab"
  },
  "ed88f13d-fcad-4848-aa35-65a2cb973584": {
    "asset": 1587742264291,
    "meta": 1589243553328,
    "relativePath": "prefab\\3d-stage.prefab"
  },
  "972b9a4d-47ee-4c74-b5c3-61d8a69bc29f": {
    "asset": 1587742264296,
    "meta": 1589243553331,
    "relativePath": "prefab\\button.prefab"
  },
  "2c937608-2562-40ea-b264-7395df6f0cea": {
    "asset": 1587742264301,
    "meta": 1589243553334,
    "relativePath": "prefab\\canvas.prefab"
  },
  "61aeb05b-3b32-452b-8eed-2b76deeed554": {
    "asset": 1587742264307,
    "meta": 1589243553337,
    "relativePath": "prefab\\editbox.prefab"
  },
  "27756ebb-3d33-44b0-9b96-e858fadd4dd4": {
    "asset": 1587742264312,
    "meta": 1589243553341,
    "relativePath": "prefab\\label.prefab"
  },
  "785a442c-3ceb-45be-a46e-7317f625f3b9": {
    "asset": 1587742264316,
    "meta": 1589243553344,
    "relativePath": "prefab\\layout.prefab"
  },
  "61906da3-7003-4bda-9abc-5769c76faee4": {
    "asset": 1587742264321,
    "meta": 1589243553347,
    "relativePath": "prefab\\light\\ambient.prefab"
  },
  "ddb99b39-7004-47cd-9705-751905c43c46": {
    "asset": 1587742264324,
    "meta": 1589243553349,
    "relativePath": "prefab\\light\\directional.prefab"
  },
  "0cf30284-9073-46bc-9eba-e62b69dbbff3": {
    "asset": 1587742264327,
    "meta": 1589243553351,
    "relativePath": "prefab\\light\\point.prefab"
  },
  "f5331fd2-bf42-4ee3-a3fd-3e1657600eff": {
    "asset": 1587742264330,
    "meta": 1589243553354,
    "relativePath": "prefab\\light\\spot.prefab"
  },
  "ca8401fe-ad6e-41a8-bd46-8e3e4e9945be": {
    "asset": 1587742264333,
    "meta": 1589243553356,
    "relativePath": "prefab\\pageview.prefab"
  },
  "cd33edea-55f5-46c2-958d-357a01384a36": {
    "asset": 1587742264337,
    "meta": 1589243553359,
    "relativePath": "prefab\\particlesystem.prefab"
  },
  "5965ffac-69da-4b55-bcde-9225d0613c28": {
    "asset": 1587742264339,
    "meta": 1589243553361,
    "relativePath": "prefab\\progressBar.prefab"
  },
  "4a37dd57-78cd-4cec-aad4-f11a73d12b63": {
    "asset": 1587742264343,
    "meta": 1589243553376,
    "relativePath": "prefab\\richtext.prefab"
  },
  "32044bd2-481f-4cf1-a656-e2b2fb1594eb": {
    "asset": 1587742264351,
    "meta": 1589243553380,
    "relativePath": "prefab\\scrollview.prefab"
  },
  "0004d1cf-a0ad-47d8-ab17-34d3db9d35a3": {
    "asset": 1587742264354,
    "meta": 1589243553382,
    "relativePath": "prefab\\slider.prefab"
  },
  "1f55e3be-b89b-4b79-88de-47fd31018044": {
    "asset": 1587742264357,
    "meta": 1589243553384,
    "relativePath": "prefab\\sprite_splash.prefab"
  },
  "96083d03-c332-4a3f-9386-d03e2d19e8ee": {
    "asset": 1587742264359,
    "meta": 1589243553386,
    "relativePath": "prefab\\sprite.prefab"
  },
  "7de03a80-4457-438d-95a7-3e7cdffd6086": {
    "asset": 1587742264370,
    "meta": 1589243553398,
    "relativePath": "prefab\\tiledmap.prefab"
  },
  "0e42ba95-1fa1-46aa-b2cf-143cd1bcee2c": {
    "asset": 1587742264372,
    "meta": 1589243553400,
    "relativePath": "prefab\\tiledtile.prefab"
  },
  "0d784963-d024-4ea6-a7db-03be0ad63010": {
    "asset": 1587742264388,
    "meta": 1589243553417,
    "relativePath": "prefab\\toggle.prefab"
  },
  "bf0a434c-84dd-4a8e-a08a-7a36f180cc75": {
    "asset": 1587742264393,
    "meta": 1589243553422,
    "relativePath": "prefab\\toggleContainer.prefab"
  },
  "d1b8be49-b0a0-435c-83b7-552bed4bbe35": {
    "asset": 1587742264403,
    "meta": 1589243553436,
    "relativePath": "prefab\\toggleGroup.prefab"
  },
  "232d2782-c4bd-4bb4-9e01-909f03d6d3b9": {
    "asset": 1587742264406,
    "meta": 1589243553456,
    "relativePath": "prefab\\videoplayer.prefab"
  },
  "8c5001fd-07ee-4a4b-a8a0-63e15195e94d": {
    "asset": 1587742264427,
    "meta": 1589243553458,
    "relativePath": "prefab\\webview.prefab"
  },
  "144c3297-af63-49e8-b8ef-1cfa29b3be28": {
    "asset": 1586331868000,
    "meta": 1589243553468,
    "relativePath": "resources\\effects\\builtin-2d-gray-sprite.effect"
  },
  "0e93aeaa-0b53-4e40-b8e0-6268b4e07bd7": {
    "asset": 1586331868000,
    "meta": 1589243553479,
    "relativePath": "resources\\effects\\builtin-2d-spine.effect"
  },
  "2874f8dd-416c-4440-81b7-555975426e93": {
    "asset": 1586331868000,
    "meta": 1589243553494,
    "relativePath": "resources\\effects\\builtin-2d-sprite.effect"
  },
  "829a282c-b049-4019-bd38-5ace8d8a6417": {
    "asset": 1586331868000,
    "meta": 1589243553588,
    "relativePath": "resources\\effects\\builtin-3d-particle.effect"
  },
  "2a7c0036-e0b3-4fe1-8998-89a54b8a2bec": {
    "asset": 1586331868000,
    "meta": 1589243553618,
    "relativePath": "resources\\effects\\builtin-3d-trail.effect"
  },
  "c0040c95-c57f-49cd-9cbc-12316b73d0d4": {
    "asset": 1586331868000,
    "meta": 1589243553626,
    "relativePath": "resources\\effects\\builtin-clear-stencil.effect"
  },
  "6d91e591-4ce0-465c-809f-610ec95019c6": {
    "asset": 1586331868000,
    "meta": 1589243553642,
    "relativePath": "resources\\effects\\builtin-unlit.effect"
  },
  "6f801092-0c37-4f30-89ef-c8d960825b36": {
    "asset": 1586331868000,
    "meta": 1589243553720,
    "relativePath": "resources\\materials\\builtin-2d-base.mtl"
  },
  "3a7bb79f-32fd-422e-ada2-96f518fed422": {
    "asset": 1586331868000,
    "meta": 1589243553721,
    "relativePath": "resources\\materials\\builtin-2d-gray-sprite.mtl"
  },
  "7afd064b-113f-480e-b793-8817d19f63c3": {
    "asset": 1586331868000,
    "meta": 1589243553722,
    "relativePath": "resources\\materials\\builtin-2d-spine.mtl"
  },
  "eca5d2f2-8ef6-41c2-bbe6-f9c79d09c432": {
    "asset": 1586331868000,
    "meta": 1589243553747,
    "relativePath": "resources\\materials\\builtin-2d-sprite.mtl"
  },
  "432fa09c-cf03-4cff-a186-982604408a07": {
    "asset": 1586331868000,
    "meta": 1589243553752,
    "relativePath": "resources\\materials\\builtin-3d-particle.mtl"
  },
  "466d4f9b-e5f4-4ea8-85d5-3c6e9a65658a": {
    "asset": 1586331868000,
    "meta": 1589243553754,
    "relativePath": "resources\\materials\\builtin-3d-trail.mtl"
  },
  "cf7e0bb8-a81c-44a9-ad79-d28d43991032": {
    "asset": 1586331868000,
    "meta": 1589243553757,
    "relativePath": "resources\\materials\\builtin-clear-stencil.mtl"
  },
  "2a296057-247c-4a1c-bbeb-0548b6c98650": {
    "asset": 1586331868000,
    "meta": 1589243553759,
    "relativePath": "resources\\materials\\builtin-unlit.mtl"
  },
  "954fec8b-cd16-4bb9-a3b7-7719660e7558": {
    "asset": 1586331868000,
    "meta": 1589243556065,
    "relativePath": "model\\primitives.fbx"
  },
  "e34f964f-4b60-4575-8461-5fc3d0e08f23": {
    "asset": 1589206592128,
    "meta": 1589206618082,
    "relativePath": "prefabs\\script\\heart.js"
  },
  "6341f126-6a52-4f64-a601-370036cf4650": {
    "asset": 1589206600857,
    "meta": 1589206618112,
    "relativePath": "prefabs\\script\\trap.js"
  },
  "6917e24b-1555-4d9d-9611-a5213028ee0a": {
    "asset": 1589207630476,
    "meta": 1589208217672,
    "relativePath": "scenes\\game_01\\script\\normal_ball.js"
  },
  "6a6601af-1e57-4022-9dc6-617aedd45b38": {
    "asset": 1589210525151,
    "meta": 1589210527806,
    "relativePath": "scenes\\game_01\\script\\game.js"
  },
  "5ba97f1d-b334-43ba-a763-b44ff37f641b": {
    "asset": 1589210793465,
    "meta": 1589210832830,
    "relativePath": "res\\texture\\border.png"
  },
  "3bcef133-c827-4457-b59c-be333990b27c": {
    "asset": 1589210830135,
    "meta": 1589210832846,
    "relativePath": "res\\texture\\rectangle.png"
  },
  "dab4925c-9ac9-4e98-85c0-3dc7b99b13b7": {
    "asset": 1589211611599,
    "meta": 1589211613581,
    "relativePath": "res\\texture\\fill.png"
  }
}