{
  "version": "1.1.1",
  "windows": {
    "main": {
      "main": true,
      "url": "app://editor/index.html",
      "windowType": "dockable",
      "x": -8,
      "y": -8,
      "width": 1552,
      "height": 840,
      "layout": {
        "children": [
          {
            "children": [
              {
                "active": 0,
                "children": [
                  "hierarchy"
                ],
                "height": 359.0500183105469,
                "type": "panel",
                "width": 299.38751220703125
              },
              {
                "active": 0,
                "children": [
                  "assets"
                ],
                "height": 358.0500183105469,
                "type": "panel",
                "width": 299.38751220703125
              }
            ],
            "height": 720.1000366210938,
            "type": "dock-v",
            "width": 299.38751220703125
          },
          {
            "active": 0,
            "children": [
              "scene"
            ],
            "height": 720.1000366210938,
            "type": "panel",
            "width": 658.8624877929688
          },
          {
            "active": 0,
            "children": [
              "node-library"
            ],
            "height": 720.1000366210938,
            "type": "panel",
            "width": 264.3500061035156
          },
          {
            "active": 0,
            "children": [
              "inspector",
              "cocos-services"
            ],
            "height": 720.1000366210938,
            "type": "panel",
            "width": 304.3999938964844
          }
        ],
        "type": "dock-h"
      },
      "panels": [
        "hierarchy",
        "assets",
        "scene",
        "node-library",
        "inspector",
        "cocos-services"
      ]
    }
  },
  "panels": {
    "game-window": {
      "x": 508,
      "y": 128,
      "width": 516,
      "height": 540
    },
    "console": {
      "x": 556,
      "y": 228,
      "width": 422,
      "height": 340
    }
  },
  "panelLabelWidth": {
    "inspector": null
  },
  "panelLabelWidth.inspector": null
}
